<?xml version="1.0" encoding="UTF-8"?>
<project-private xmlns="http://www.netbeans.org/ns/project-private/1">
    <editor-bookmarks xmlns="http://www.netbeans.org/ns/editor-bookmarks/2" lastBookmarkId="1">
        <file>
            <url>src/app/Percepciones.java</url>
            <bookmark id="1">
                <name/>
                <line>35</line>
                <key/>
            </bookmark>
        </file>
    </editor-bookmarks>
    <open-files xmlns="http://www.netbeans.org/ns/projectui-open-files/2">
        <group>
            <file>file:/C:/Users/taz.000/Documents/NetBeansProjects/MiHospital/src/app/Ordenpago.java</file>
            <file>file:/C:/Users/taz.000/Documents/NetBeansProjects/MiHospital/src/app/Inical.java</file>
            <file>file:/C:/Users/taz.000/Documents/NetBeansProjects/MiHospital/src/app/Incapacidades.java</file>
        </group>
    </open-files>
</project-private>
